Parameter,$40[C] 200[bar]$,$50[C] 200[bar]$,$40[C] 300[bar]$,$50[C] 300[bar]$
$k_m[-]$,1.70265,1.3941,1.65393,1.58689
$D_i[m^2/s] \times 1e-14$,2.69397,2.36905,5.45182,4.51183
$D_e^M[m^2/s] \times 1e-6$,5.30489,5.7594,1.63863,3.31092
$\tau[-]$,0.77951,0.81264,0.73407,0.72919
$\sigma[-]$,0.64626,0.84728,1.52419,1.00613
