Parameter,$40[C] 200[bar]$,$50[C] 200[bar]$,$40[C] 300[bar]$,$50[C] 300[bar]$
$k_m[-]$,1.42655,1.27583,1.21608,1.29423
$D_i[m^2/s] \times 1e-14$,3.0623,2.7902,5.54752,5.11937
$D_e^M[m^2/s] \times 1e-6$,6.53158,7.45505,1.39714,3.11692
sat,0.5,0.5,0.5,0.5
$\tau[-]$,0.74805,0.78813,0.69998,0.70227
$\sigma[-]$,0.29309,0.34347,0.62332,0.37067
