Parameter,$40[C] 200[bar]$,$50[C] 200[bar]$,$40[C] 300[bar]$,$50[C] 300[bar]$
$k_m[-]$,1.42653,1.2688,1.46035,1.35091
$D_i[m^2/s] \times 1e-14$,3.06227,2.78099,6.84414,5.35471
$D_e^M[m^2/s] \times 1e-6$,6.53157,7.44971,1.50643,3.17745
sat,1,0.86716,1,1
$\tau[-]$,0.74805,0.78795,0.71505,0.70527
$\sigma[-]$,0.29309,0.34315,0.50837,0.36235
