Parameter,$40[C] 200[bar]$,$50[C] 200[bar]$,$40[C] 300[bar]$,$50[C] 300[bar]$
$k_m[-]$,0.02654,0.02491,0.07017,0.05093
$D_i[m^2/s] \times 1e-14$,2.99157,2.9719,3.02802,3.00837
$D_e^M[m^2/s] \times 1e-6$,1.0013,1.00119,1.00198,1.0016
$C_{sat} [kg/m^3] \times 1e5$,0,0,0,0
$m_{total}[g]$,80.35152,80.35151,80.35131,80.35145
$\tau[-]$,0.6395,0.6556,0.61928,0.6209
$\sigma[-]$,0.42105,0.41648,0.44879,0.43567
