Parameter,$40[C] 200[bar]$,$50[C] 200[bar]$,$40[C] 300[bar]$,$50[C] 300[bar]$
$k_m[-]$,1333125.25059,909054.12701,1545010.26178,1808816.44947
$D_i[m^2/s] \times 1e-14$,2.9149,3.06394,6.74018,4.99488
$D_e^M[m^2/s] \times 1e-6$,6.81828,7.51278,1.52191,3.09449
sat,0.80284,0.78042,0.86089,0.93296
$\tau[-]$,0.70719,0.7587,0.66408,0.66257
$\sigma[-]$,0.16789,0.137,0.47281,0.26298
