Parameter,$40[C] 200[bar]$,$50[C] 200[bar]$,$40[C] 300[bar]$,$50[C] 300[bar]$
$k_m[-]$,60731.53557,166135.18864,99680.36673,54907.84033
$D_i[m^2/s] \times 1e-14$,4.313,3.33282,14.37129,8.80974
$D_e^M[m^2/s] \times 1e-6$,7.5521,7.73584,3.88465,4.77984
shape,1.07602,0.29235,2.11194,1.29887
$\tau[-]$,0.72426,0.76251,0.71084,0.68651
$\sigma[-]$,0.06968,0.12273,0.06887,0.05414
