Parameter,$40[C] 200[bar]$,$50[C] 200[bar]$,$40[C] 300[bar]$,$50[C] 300[bar]$
$k_m[-]$,1.42655,1.27583,1.46293,1.35352
$D_i[m^2/s] \times 1e-14$,3.0623,2.7902,6.86204,5.36819
$D_e^M[m^2/s] \times 1e-6$,6.53158,7.45505,1.51174,3.18149
sat,0.5,0.5,0.5,0.5
$\tau[-]$,0.74805,0.78813,0.71523,0.70544
$\sigma[-]$,0.29309,0.34347,0.50586,0.36105
