Parameter,$40[C] 200[bar]$,$50[C] 200[bar]$,$40[C] 300[bar]$,$50[C] 300[bar]$
$k_m[-]$,74548.03812,180215.6677,99579.96492,100000.0373
$D_i[m^2/s] \times 1e-14$,4.313,3.33282,14.3713,9.94303
$D_e^M[m^2/s] \times 1e-6$,7.5521,7.73584,3.88465,5.72401
$\Upsilon$,1.07602,0.29235,2.11194,1.51152
$\tau[-]$,0.72426,0.76251,0.71084,0.68873
$\sigma[-]$,0.06968,0.12273,0.06887,0.05336
