Parameter,$40[C] 200[bar]$,$50[C] 200[bar]$,$40[C] 300[bar]$,$50[C] 300[bar]$
$k_m[-]$,0.03331,0.02668,0.93369,0.02564
$D_i[m^2/s] \times 1e-14$,0.03612,29.41308,0.07491,378.85502
$D_e^M[m^2/s] \times 1e-6$,7.53507,15.66028,0.85518,12.38643
$m_{total}[g]$,0.00096,0.00082,0.0008,0.00115
$\tau[-]$,0.71274,0.65893,0.64788,0.61064
$\sigma[-]$,0.57001,0.61621,0.59614,1.60601
