Parameter,$40[C] 200[bar]$,$50[C] 200[bar]$,$40[C] 300[bar]$,$50[C] 300[bar]$
$k_m[-]$,0.999998754774287,0.999998000936205,0.999996742864262,0.999998550898998
$D_i[m^2/s]$,3.82880313077899e-14,3.54027598301727e-14,8.8079179295599e-14,7.07805337322897e-14
$D_e^M[m^2/s]$,6.66651325339025e-06,7.377021658033e-06,1.4126797749429e-06,3.07899675746239e-06
$C_{sat}$,99999.99999999,99999.99999999,99999.99999999,99999.99999999
$m_{total}$,75.9999997209527,76.0000011405344,76.0000013329332,76.000000868655
$\tau$,0.691449679024172,0.746643093995075,0.645346423752075,0.643936316525563
$\sigma$,0.323872540770552,0.345378486400152,0.550295998251563,0.37303821371878
