Parameter,$40[C] 200[bar]$,$50[C] 200[bar]$,$40[C] 300[bar]$,$50[C] 300[bar]$
$k_m[-]$,0.99999990108528,0.999999607171052,0.999999872837409,0.999999954332084
$D_i[m^2/s]$,4.49526774628136e-14,3.65147688868821e-14,1.04873859565358e-13,7.57630032063657e-14
$D_e^M[m^2/s]$,6.3585907282582e-06,7.33666684422904e-06,1.3358748200412e-06,3.00418150373255e-06
$C_{sat}$,99999.99999999,99999.99999999,99999.99999999,99999.99999999
$m_{total}$,70.0000001186441,74.6386236590493,70.0000001597634,73.3835050201191
$\tau$,0.674559038417602,0.743646050861365,0.630166565771474,0.637018192856929
$\sigma$,0.29467000508938,0.344312054608096,0.509487150844925,0.364689292791081
