Parameter,$40[C] 200[bar]$,$50[C] 200[bar]$,$40[C] 300[bar]$,$50[C] 300[bar]$
$k_m[-]$,228285.46043,193781.38384,1102326.89275,554733.77885
$D_i[m^2/s] \times 1e-14$,0.32994,0.31113,0.73787,0.60174
$D_e^M[m^2/s] \times 1e-6$,6.8185,7.35136,1.46831,3.1431
$C_{sat} [kg/m^3] \times 1e5$,1,1,1,1
$m_{total}[g]$,80,80,80,80
$\tau[-]$,0.70252,0.75576,0.65531,0.65522
$\sigma[-]$,0.35733,0.35655,0.5961,0.40404
