Parameter,$40[C] 200[bar]$,$50[C] 200[bar]$,$40[C] 300[bar]$,$50[C] 300[bar]$
$k_m[-]$,1,0.99999,1,1
$D_i[m^2/s]$,3.8288,3.54028,8.80791,7.07805
$D_e^M[m^2/s]$,6.66651,7.37702,1.41263,3.079
$m_{total}$,76,76.00001,76,76
$\tau$,0.69145,0.74664,0.64535,0.64394
$\sigma$,0.32387,0.34538,0.5503,0.37304
