Parameter,$40[C] 200[bar]$,$50[C] 200[bar]$,$40[C] 300[bar]$,$50[C] 300[bar]$
$k_m[-]$,1,1,1,1
$D_i[m^2/s] \times 1e-14$,3.43354,3.23051,7.8945,6.39326
$D_e^M[m^2/s] \times 1e-6$,6.87402,7.48756,1.49795,3.19565
$C_{sat} [kg/m^3] \times 1e5$,1,1,1,1
$m_{total}[g]$,80,80,80,80
$\tau[-]$,0.70189,0.75514,0.65479,0.65408
$\sigma[-]$,0.36268,0.35916,0.60717,0.413
